{
    "avg_prec": {
        "train": 0.8528205973964718,
        "test": 0.6729736282881812
    },
    "roc_auc": {
        "train": 0.9503043004218202,
        "test": 0.8876598888068115
    },
    "acc_score": {
        "train": 0.931357839459865,
        "test": 0.8935532233883059
    },
    "f1": {
        "train": 0.7884393063583816,
        "test": 0.64321608040201
    },
    "prec_score": {
        "train": 0.7239915074309978,
        "test": 0.5818181818181818
    },
    "rec_score": {
        "train": 0.8654822335025381,
        "test": 0.7191011235955056
    }
}
