{
    "avg_prec": {
        "train": 0.8739847230756382,
        "test": 0.7683580238668737
    },
    "roc_auc": {
        "train": 0.9416042575248446,
        "test": 0.8886707359744955
    },
    "acc_score": {
        "train": 0.9463615903975994,
        "test": 0.9370314842578711
    },
    "f1": {
        "train": 0.7893961708394699,
        "test": 0.7083333333333334
    },
    "prec_score": {
        "train": 0.9403508771929825,
        "test": 0.9272727272727272
    },
    "rec_score": {
        "train": 0.6802030456852792,
        "test": 0.5730337078651685
    }
}
