{
    "avg_prec": {
        "train": 0.8560656676970801,
        "test": 0.6858512504347467
    },
    "roc_auc": {
        "train": 0.9531451079573892,
        "test": 0.8845690291979316
    },
    "acc_score": {
        "train": 0.9291072768192048,
        "test": 0.8950524737631185
    },
    "f1": {
        "train": 0.7835051546391754,
        "test": 0.65
    },
    "prec_score": {
        "train": 0.7139874739039666,
        "test": 0.5855855855855856
    },
    "rec_score": {
        "train": 0.868020304568528,
        "test": 0.7303370786516854
    }
}
